{"epoch": [1, 2, 3, 4, 5, 6, 7, 8, 9, 10, 11, 12, 13, 14, 15, 16, 17, 18, 19, 20, 21, 22, 23, 24, 25, 26, 27, 28, 29, 30, 31, 32, 33, 34, 35, 36, 37, 38, 39, 40, 41, 42, 43, 44, 45, 46, 47, 48, 49, 50], "loss": [0.10540246051993776, 0.06366576625311628, 0.06020269568296189, 0.054308158246443625, 0.05055154397528856, 0.048112273454032045, 0.04647411033709316, 0.043308678194087874, 0.04189877464693594, 0.03964615682972238, 0.03803473257241731, 0.03668949573320594, 0.03331678668631518, 0.0354993171316195, 0.03418493689771028, 0.06589648194531811, 0.05917278692681104, 0.05561450945728637, 0.05406916503338738, 0.046084651719540994, 0.045323528951786936, 0.043997991853889, 0.04475201012447794, 0.043627599230472075, 0.044410672684774756, 0.04069944437038391, 0.0399937935569819, 0.04046198636927503, 0.0399504668733224, 0.03947309625354853, 0.03799657287432792, 0.03644392287477534, 0.03759026869814447, 0.036500335357924726, 0.03676231675087772, 0.05487037709656548, 0.05524151520209109, 0.05310533018980888, 0.05403058065616704, 0.05499768261104188, 0.05319689928771967, 0.05407106552193774, 0.0533302488082901, 0.052859521716674594, 0.05362724005541903, 0.05269709669370601, 0.05308943353197042, 0.05277475606095284, 0.05318760523929241, 0.053049513919556396], "lpips": [0.09128056231569102, 0.06774637511475606, 0.062042044067477924, 0.05804366409937118, 0.052048575987127865, 0.047669847806955275, 0.045580728940586464, 0.04020223512730383, 0.038385058562964834, 0.03575693046119302, 0.033399978920104025, 0.030996592895702477, 0.02860319118431591, 0.031327069680543336, 0.029375606757449976, 0.08032968756841852, 0.06659335343840908, 0.06103421935930531, 0.056155597145094514, 0.04811163829798077, 0.04738152799533402, 0.04495475710904662, 0.04702542283314657, 0.045661014249112376, 0.045752688241686594, 0.04201401839865015, 0.04138146402274675, 0.0426932982822999, 0.041459092571142504, 0.04124350408884756, 0.03953199107398061, 0.03710763018300876, 0.03921028297751191, 0.03770435423134489, 0.037997576834118744, 0.06829461999277169, 0.0681097907806806, 0.0655238270838844, 0.06713358060793674, 0.06770386299950645, 0.06612429758335682, 0.0668462234846455, 0.06562209345717379, 0.06530642444466023, 0.06575661649967128, 0.0652112003098777, 0.06514523680856887, 0.06540440991917189, 0.06546504659221528, 0.0656960453679587], "ssim": [0.13244521427661815, 0.08511800144581085, 0.08155028173264037, 0.07429511826089089, 0.06950566616464168, 0.06708341760838285, 0.06449698120989698, 0.06189767705633285, 0.05848018932849803, 0.05633368428717268, 0.05451560667220583, 0.052640182287135025, 0.04727841311312737, 0.050228405252416085, 0.049068727645468206, 0.09202922151443806, 0.08384061404999266, 0.07998329844880611, 0.07808912409112809, 0.06749414294324023, 0.06576677218396614, 0.06456396414878521, 0.06523918572892534, 0.06401806866869013, 0.06482917856662831, 0.059737812204563874, 0.05894262930180164, 0.059998962980635624, 0.05937323887297448, 0.0586541639997604, 0.05657619187172423, 0.054027986526489255, 0.055861780491281064, 0.054528331756591795, 0.05506084548666122, 0.07949227018559232, 0.08012876142846777, 0.07721865329336612, 0.0788282925778247, 0.0801455427991583, 0.07772332163567239, 0.0787575251244484, 0.077700215831716, 0.07693252335203454, 0.07843566283266595, 0.07714898078999621, 0.07743897666322425, 0.07684148068123675, 0.07781268700640252, 0.07747232013560355]}