{"epoch": [1, 2, 3, 4, 5, 6, 7, 8, 9, 10, 11, 12, 13, 14, 15, 16, 17, 18, 19, 20, 21, 22, 23, 24, 25, 26, 27, 28, 29, 30, 31, 32, 33, 34, 35, 36, 37, 38, 39, 40, 41, 42, 43, 44, 45, 46, 47, 48, 49, 50], "loss": [0.10234142310441809, 0.06481462775709781, 0.05627320839211028, 0.051365001135049985, 0.0494921034697364, 0.04770626720595867, 0.043580911681056024, 0.041478203092404506, 0.04031972071710736, 0.040389396228451044, 0.03737591914634438, 0.03704653539437246, 0.03601735365636488, 0.03733829077174689, 0.03223709053696787, 0.06200171955960228, 0.05812587650056849, 0.05575952495032169, 0.05316130698440557, 0.051316691328711965, 0.050421204608171545, 0.04694260318387062, 0.04437997866659722, 0.04414858499819294, 0.04411232910971058, 0.04385909073530359, 0.043435021985242975, 0.040332632706044834, 0.03951137006837637, 0.03978270755565547, 0.03943472711884595, 0.039739256086660193, 0.03860570750734273, 0.03796954348366311, 0.03771675973734323, 0.05744341032856957, 0.0574074692627851, 0.054864491514386014, 0.05613196753361758, 0.05588991661417358, 0.0551184891861804, 0.055459554933328575, 0.0548062772747684, 0.05456931673862198, 0.054564335494440924, 0.054425069301369346, 0.05342578443282462, 0.053999434661199434, 0.055012323108917856, 0.054067483159931415], "lpips": [0.10140945941130532, 0.07613124847808417, 0.06750157274939912, 0.05970712343746043, 0.055100728468375, 0.054253167013063076, 0.047465374740831394, 0.044930932337933396, 0.043182836193591354, 0.04222186920133994, 0.039166606148268945, 0.038198007449032144, 0.03718536554419614, 0.03811034478564212, 0.03306830686100937, 0.07411606838887042, 0.06697625636737398, 0.062012210048418094, 0.05881301241907033, 0.05567462433605118, 0.05409512588001312, 0.052274595494283004, 0.048082030572472734, 0.047840881573551514, 0.04796304591792695, 0.046720172120060056, 0.04669134486466646, 0.04312818011942696, 0.04242020674010224, 0.04312928105763932, 0.04238328152197473, 0.042961238354365244, 0.04102234174002041, 0.04094231915362972, 0.0400295144620728, 0.06942407454740494, 0.06876954362192686, 0.0651865703668049, 0.0658862601926035, 0.06600204945165426, 0.06463656426664997, 0.06523215056179052, 0.06418924899969963, 0.06398333609104156, 0.06394168483687843, 0.06348566368142976, 0.06289289096727016, 0.06320468248759813, 0.0640151211238922, 0.06306991780454174], "ssim": [0.12586066672142515, 0.08641608522293416, 0.07662613252375988, 0.07073663016583057, 0.06924513958870096, 0.06639881146715042, 0.06113355667033094, 0.05894866306731041, 0.05742468846605179, 0.05762219200743006, 0.053414458797333086, 0.05251179781365902, 0.05197964488191808, 0.05311272385272574, 0.04629505099134242, 0.0906644622062115, 0.08553973410991912, 0.08330796957015991, 0.07906323874250372, 0.07683278829493422, 0.07570242488637884, 0.07061308305314247, 0.06745412286291731, 0.06697305542357425, 0.0671593871522457, 0.06666291089768106, 0.0658375842774168, 0.06192097055151107, 0.06076227058755591, 0.06125995783095664, 0.06091006017745809, 0.06147000536005548, 0.059800842087319554, 0.059056275702537374, 0.05865584814802129, 0.08780981517852621, 0.08799133516372519, 0.0842426486471866, 0.08616638576730769, 0.08583375050666485, 0.08484928950350336, 0.08527907843285419, 0.084468656271062, 0.08405554535541128, 0.08418018576946665, 0.08373783129326841, 0.08250699537865659, 0.08328987068318307, 0.08472084567901936, 0.08351527997787962]}