{"epoch": [1, 2, 3, 4, 5, 6, 7, 8, 9, 10, 11, 12, 13, 14, 15, 16, 17, 18, 19, 20, 21, 22, 23, 24, 25, 26, 27, 28, 29, 30, 31, 32, 33, 34, 35, 36, 37, 38, 39, 40, 41, 42, 43, 44, 45, 46, 47, 48, 49, 50], "loss": [0.04228501041058173, 0.029003456435314913, 0.028730798276151194, 0.026265420976461486, 0.025700810095394388, 0.024063812083802483, 0.021428802564363688, 0.017023362065269117, 0.013641008761020357, 0.012609987563461045, 0.01177820599547518, 0.00945349238414139, 0.00922200941146931, 0.010353843145013013, 0.010246846851387477, 0.02853664575005941, 0.019628109460191286, 0.016870983213215986, 0.013614245456088572, 0.011880873770086451, 0.011462552519143618, 0.011077074047631306, 0.009876949952709727, 0.009579393716821288, 0.010053270023707499, 0.00852568040811209, 0.008277243349213212, 0.008284626008529077, 0.007767961228060774, 0.007621674234062394, 0.00749043383548269, 0.007419983159931515, 0.007007772514802166, 0.007452075522172542, 0.007487734838480507, 0.015274681749770992, 0.015216329202868362, 0.01448765547581988, 0.01392653357631408, 0.013231676708203443, 0.013366414350705182, 0.012558361050484582, 0.012309787240179077, 0.012826302135858605, 0.012424994660405185, 0.012793887749269723, 0.012137659443690977, 0.012380416421504552, 0.012443037071646726, 0.011885187837191204], "lpips": [0.06542758061104711, 0.0589367823828844, 0.060482693832129876, 0.05622930831543388, 0.05483757062329653, 0.05323238847777247, 0.044939621893114394, 0.032165556030466835, 0.023315805397145055, 0.021075018912001434, 0.01946404533766636, 0.015439806286334753, 0.01583005920596832, 0.017995064005879885, 0.01891478415915465, 0.061862513654558186, 0.046326649032206214, 0.0380466700960669, 0.029111632966173893, 0.024812565808199308, 0.022765300545607388, 0.021389405584263745, 0.017941078293617775, 0.01690955538754079, 0.016504398420170704, 0.0133119000473674, 0.012429532771769098, 0.01180746763810872, 0.010702034133298203, 0.010222238447734507, 0.010069175493721404, 0.009227142878126928, 0.008586479318817394, 0.00870121233021293, 0.008801458729818051, 0.01775005852473538, 0.016193492007516127, 0.015064916050834383, 0.013881105102321252, 0.012844175295229318, 0.012526826326675872, 0.011752467303588848, 0.01148338064754461, 0.011781342899763679, 0.011106183945060152, 0.011165401889841033, 0.010607300773126747, 0.01066188783703144, 0.010540066902993861, 0.010028331354879676], "ssim": [0.05359112290625877, 0.037700030905135136, 0.03705955718425994, 0.03380952173090996, 0.03341591003093314, 0.03074052004103965, 0.027668288159877697, 0.022541410238184827, 0.01844599817661529, 0.01714222215591593, 0.01607124703995725, 0.012773307206782889, 0.012529673728537052, 0.014043653138140415, 0.013772170594398012, 0.03670957659153228, 0.024834848211166705, 0.0217695285665228, 0.017777049034199816, 0.015751422719752536, 0.015424802582314674, 0.015013598508023201, 0.013702181805955603, 0.013294282872626122, 0.014085352167170098, 0.0119670606674032, 0.011890299903585555, 0.01189711144629945, 0.011356656221633262, 0.011157784563429812, 0.010967500793172958, 0.010872939419239126, 0.010399095936024443, 0.011066551538223916, 0.011180415052048703, 0.022904529596896882, 0.02276577277386442, 0.021856385088981467, 0.02112621893274023, 0.020288041677880793, 0.020388360987318322, 0.01928405064217588, 0.018839190361347603, 0.019763936768186854, 0.019170345397705728, 0.019755085224800923, 0.018756405597037458, 0.01912727875912443, 0.019282811499656514, 0.018474790517320025]}