{"epoch": [1, 2, 3, 4, 5, 6, 7, 8, 9, 10, 11, 12, 13, 14, 15, 16, 17, 18, 19, 20, 21, 22, 23, 24, 25, 26, 27, 28, 29, 30, 31, 32, 33, 34, 35, 36, 37, 38, 39, 40, 41, 42, 43, 44, 45, 46, 47, 48, 49, 50], "loss": [0.036245909825641104, 0.020932595472426173, 0.020662235322983023, 0.019781380462301698, 0.017915596689612782, 0.01778939057369419, 0.01655302541379995, 0.014574719628101175, 0.015680501182028586, 0.014699658549866303, 0.0148449738826999, 0.014205629938836903, 0.014698253801102413, 0.014151741048083344, 0.014707217995879894, 0.02471303622079815, 0.02351899006740844, 0.023093380593258807, 0.022639115263727753, 0.020734497897842145, 0.019006259141965434, 0.01844910628687432, 0.017222081596883845, 0.017528088560248626, 0.01675332363130168, 0.016259208117472997, 0.015065963360223365, 0.014892533925322301, 0.014505261697984757, 0.014672484436627239, 0.014306132819384653, 0.014581851752851396, 0.013672784576192499, 0.013482187387156994, 0.013329235060596243, 0.017135348668361597, 0.017219382664188744, 0.01726024642715508, 0.017400502652781917, 0.016649439335463846, 0.01627203042797269, 0.016091019833618974, 0.015842323880048192, 0.015368896377015304, 0.015656321566115985, 0.015102162054601185, 0.015294715427258547, 0.014863415721288704, 0.014690006266724556, 0.014300812863586271], "lpips": [0.011166159358826724, 0.006453959356517868, 0.006327169344691123, 0.005971823157891235, 0.005457606297630341, 0.005496298066003526, 0.005074051284835615, 0.00438423044484188, 0.00468535170063099, 0.004338630395594667, 0.004318194296780696, 0.004128974793909831, 0.004201158394967701, 0.004114795091036866, 0.00419362208340317, 0.00786717738510367, 0.007408665345010764, 0.007157046446933392, 0.007067101761857246, 0.006471983296301295, 0.005861650733772586, 0.005719457130056825, 0.005398563574999571, 0.0055346676123705, 0.005301877328670246, 0.0050605857430243905, 0.004908203271445521, 0.004798740507450272, 0.00456784799536492, 0.004683588182509064, 0.004690252015852627, 0.00477062608115375, 0.004523305089752923, 0.004507539938253529, 0.004548273217354089, 0.006299177962949777, 0.006330875127001646, 0.006268604260998124, 0.006376535671346999, 0.006095442568209577, 0.0061038957675918935, 0.006025315661657047, 0.006003984859203325, 0.005923938255588662, 0.0059932313760385865, 0.005784918595739502, 0.005877841493372429, 0.0058741116807102525, 0.005862337540825235, 0.005714555925867976], "ssim": [0.03911997739304887, 0.019109031494627608, 0.0193266121630973, 0.018509034527109024, 0.017304072608339025, 0.01697649968431351, 0.015688311546406847, 0.013972605669752081, 0.015000180614755509, 0.014261472732462782, 0.014348863794448528, 0.014096305598603918, 0.01467962772288221, 0.013163371669485214, 0.013956087447227315, 0.024753820135238323, 0.023786532625238947, 0.0231963039712703, 0.022540832707222472, 0.02027500347888216, 0.018069088078559715, 0.017339230851924167, 0.016277320587888677, 0.016451818385022753, 0.014827563153936508, 0.014678334302090585, 0.01318906545639038, 0.012450421110112617, 0.01289948009430094, 0.012661554585111902, 0.012126722614815894, 0.012613894077057534, 0.011167619710272931, 0.01087230291772396, 0.010814022891064907, 0.01399283434482331, 0.014071030058759324, 0.014337280456055986, 0.014091317450746576, 0.013299402911612327, 0.013139228744709745, 0.012882090502596916, 0.01270795781561669, 0.012277641575387183, 0.012557046210512202, 0.01204198700316409, 0.012250042468943494, 0.011931133270263673, 0.011798165326422833, 0.011537604382697571]}