{"epoch": [1, 2, 3, 4, 5, 6, 7, 8, 9, 10, 11, 12, 13, 14, 15, 16, 17, 18, 19, 20, 21, 22, 23, 24, 25, 26, 27, 28, 29, 30, 31, 32, 33, 34, 35, 36, 37, 38, 39, 40, 41, 42, 43, 44, 45, 46, 47, 48, 49, 50], "loss": [0.09286093468123928, 0.056320809911778, 0.04415143351764121, 0.03755213349383879, 0.037355159443030334, 0.033010359428466314, 0.033708678249348985, 0.030413818464396482, 0.027221704932286383, 0.028295986293914152, 0.02593379346505204, 0.02614550552865926, 0.02403916362425352, 0.02377849864337514, 0.0242393709530935, 0.053225082594980586, 0.04223698118424162, 0.038698493673446334, 0.03467212477203538, 0.031994897152911476, 0.025544610871200232, 0.02536969883367419, 0.023560304092639622, 0.024189108922245336, 0.022587276586985335, 0.022571901355850254, 0.019955593204878747, 0.020854892251775302, 0.021006044349633157, 0.02113640882134279, 0.020054377058639807, 0.01959413755536476, 0.020102587133705458, 0.019986494935236555, 0.018864856213529377, 0.037560828335266166, 0.03362081611449731, 0.034252708934326755, 0.03086464683663972, 0.03263134601565593, 0.030606231388655748, 0.02855356141449289, 0.028086470647100757, 0.026514907716278065, 0.02649117779343369, 0.026391700013203824, 0.02682988285087049, 0.024471704645993863, 0.02460180766920143, 0.024644875671080452], "lpips": [0.07685508029535412, 0.06038393403225122, 0.05129025341506968, 0.043407584195758436, 0.04104575554820451, 0.03625539761591465, 0.0331342156451354, 0.03090560651542817, 0.02861456831203813, 0.026118384674191475, 0.02700867943683679, 0.026703281130919115, 0.026526771960879103, 0.023965786830423042, 0.025022733599898664, 0.07889938853443303, 0.061903048189792864, 0.05284276458414945, 0.04682202298055462, 0.042091797531998536, 0.03537643878433378, 0.035389011735691034, 0.03383270556632271, 0.03269006894713149, 0.0290480819406939, 0.029759322350567326, 0.027547580926639444, 0.028659945958729914, 0.02913598587904918, 0.02932542376864226, 0.0263003272527056, 0.02616542481316967, 0.02685710207133138, 0.025688028929041738, 0.024324578272198586, 0.05879271877335107, 0.05241660858365767, 0.05126549076051154, 0.04640979132753737, 0.04854531901036488, 0.04448812500613326, 0.042319886715329706, 0.04085841737489434, 0.03979901220708927, 0.03851838369972687, 0.038699502163031634, 0.03869625481162617, 0.03633354633967293, 0.03643391755944554, 0.03611895320937038], "ssim": [0.11303920580985698, 0.07589291663880043, 0.0603244368066179, 0.05153199497689592, 0.05093170873662259, 0.04470786452293396, 0.04773249727614382, 0.041939977762546946, 0.03663216017662211, 0.03913809948779167, 0.03619301724941173, 0.03642462212988671, 0.03325472968689939, 0.032923691069826164, 0.03362511764181421, 0.07243245852754471, 0.05792987587604117, 0.05359604599628043, 0.04807456719114425, 0.04447093238221838, 0.03531737530485113, 0.0351670041997382, 0.03267008142268404, 0.033865650790802976, 0.03201193314917544, 0.031762088740125614, 0.02775880237843128, 0.02918203701364233, 0.02926435204262429, 0.029693493564078147, 0.028421498232699457, 0.027408153072316595, 0.028473347298642423, 0.02861670141524457, 0.02652942715807164, 0.05229175483926814, 0.04642953593680199, 0.04767367662267482, 0.04358448487647036, 0.04594871706150948, 0.04318250290890958, 0.04050416971774812, 0.04011958672645244, 0.03735500498020903, 0.03776511131448949, 0.03753060901418645, 0.038082099848605215, 0.034544901644929925, 0.034835931595335615, 0.03483200821470707]}