{"epoch": [1, 2, 3, 4, 5, 6, 7, 8, 9, 10, 11, 12, 13, 14, 15, 16, 17, 18, 19, 20, 21, 22, 23, 24, 25, 26, 27, 28, 29, 30, 31, 32, 33, 34, 35, 36, 37, 38, 39, 40, 41, 42, 43, 44, 45, 46, 47, 48, 49, 50], "loss": [0.09490875105195223, 0.05050005128091954, 0.039743589954648884, 0.03403497621456676, 0.03214402947416331, 0.02982509973003192, 0.030434702134671362, 0.02870526184783654, 0.025383008332883424, 0.025668094558839467, 0.024241400590324973, 0.02509532757301597, 0.024254784808355443, 0.02193088673372218, 0.02202463860009262, 0.03426860666814002, 0.0326233354337672, 0.03261911471552671, 0.03171708179598159, 0.03157827395232434, 0.027606475969499097, 0.027112742430193626, 0.027110370773663545, 0.026430154908844764, 0.026733927159233298, 0.02647908552094026, 0.024376953191104087, 0.024773882379002393, 0.024548787205539484, 0.02438027480260489, 0.02457813839130896, 0.0236179522833133, 0.023061500319299547, 0.02282405357926767, 0.022993031966480167, 0.02949255433210984, 0.029135681403444167, 0.029012580362564707, 0.02852743924100031, 0.02873287251258784, 0.02876563501405589, 0.028248715707834098, 0.028518836517283257, 0.028466775066199455, 0.02791993458894022, 0.02793820395154205, 0.028246615872658948, 0.028319039362225126, 0.028500309479521944, 0.028628097494390416], "lpips": [0.051029859520891244, 0.03176600822703318, 0.02577824094233678, 0.021267755381128888, 0.019410901267993007, 0.018339782244862712, 0.017884964254149732, 0.017090350986914114, 0.015281000214212753, 0.015259533965009007, 0.013722223246549356, 0.014605339815681602, 0.014049929824281247, 0.013032427102208454, 0.013170082883988606, 0.02408718417418447, 0.022594982377709228, 0.02241596464028067, 0.02178174894540868, 0.021524968452038284, 0.02011806514668972, 0.01951036313548684, 0.01974832718557817, 0.019105701388276004, 0.01938698910810846, 0.01954867001821069, 0.01870965007296268, 0.018690006690535773, 0.018894015135679475, 0.01863608463726779, 0.018664220928590984, 0.018341151335613523, 0.018021671620613716, 0.018036360850438794, 0.01807992101864929, 0.0234594050061671, 0.023564947973144183, 0.023760992536281653, 0.023656025513055477, 0.02380301208096616, 0.0238604570461556, 0.023443572076552725, 0.023839066593729436, 0.023707588666931113, 0.023412733142601047, 0.02327725060997491, 0.023556159720062576, 0.02367028378822068, 0.023750650533970366, 0.02395948520168028], "ssim": [0.11958999430879634, 0.073797655486046, 0.05886112020370808, 0.0507921464899753, 0.04803249468194677, 0.046141009001021686, 0.04718477523073237, 0.04365915782908176, 0.038997043827746776, 0.03942983784574144, 0.03775913347589209, 0.0390202504523257, 0.03751842772707026, 0.034359846089748625, 0.034729602869520794, 0.055129464890094515, 0.052648752166869796, 0.05267437392092766, 0.05176551988784303, 0.05175686275705378, 0.0453119473254427, 0.044670413149164076, 0.044604772836604016, 0.043765450411654534, 0.04431026349676416, 0.04362927332837531, 0.04030317207600208, 0.040819225920007585, 0.040451687574386594, 0.04021814617704838, 0.04026962518692016, 0.039184916780350056, 0.03828964284125795, 0.037943807688165215, 0.0382095492900686, 0.04888715883518787, 0.04846251962032724, 0.048186318925086485, 0.04735868991689479, 0.047696543500778524, 0.047785477942608776, 0.047004377588312676, 0.04737525759859288, 0.04731701358835748, 0.04641526709211634, 0.046437329941607534, 0.046981234753385503, 0.047086931796784096, 0.0474263330723377, 0.04753816026322385]}