{"epoch": [1, 2, 3, 4, 5, 6, 7, 8, 9, 10, 11, 12, 13, 14, 15, 16, 17, 18, 19, 20, 21, 22, 23, 24, 25, 26, 27, 28, 29, 30, 31, 32, 33, 34, 35, 36, 37, 38, 39, 40, 41, 42, 43, 44, 45, 46, 47, 48, 49, 50], "loss": [0.07355070524313982, 0.0421220794240845, 0.03194674657201989, 0.03248782329796318, 0.027884089931885295, 0.025309396766998032, 0.024765285472088356, 0.025246175140776532, 0.023099938769170894, 0.021822008062054976, 0.02137866736825635, 0.02081828026269424, 0.021719782383359493, 0.020149941372863474, 0.018673955155239303, 0.023395888831347543, 0.020418968477702523, 0.019950364136751345, 0.018821168393689268, 0.018436615267629793, 0.018384398897971086, 0.017932531996531054, 0.017404354415199857, 0.015827272395960035, 0.015906529911754137, 0.014940817770548166, 0.01754057029202739, 0.016944656754903337, 0.013945646857981511, 0.01497875369906901, 0.01396027801885329, 0.013336078802302004, 0.013093488266136735, 0.013601434101013743, 0.012001899388083753, 0.012859197903642471, 0.013478451197412103, 0.01278321387028282, 0.013048502679498114, 0.011460644326747415, 0.011163155620600633, 0.011057777979232847, 0.010824510867291309, 0.01137716880791444, 0.010911189330038318, 0.0105676510143391, 0.011345577642242324, 0.010011846722262178, 0.009960818006359833, 0.00939785496411013], "lpips": [0.02720361727468194, 0.012918572936286317, 0.010041047512811232, 0.009795490437821346, 0.008252029937810879, 0.007474570115037421, 0.007019010059376981, 0.007192100890159131, 0.006481669289357167, 0.005962342316373945, 0.005816961091229732, 0.005760234581960484, 0.005734336076482655, 0.005523876059909371, 0.005287319056917616, 0.0070267254516403095, 0.006248485855262806, 0.006071452347145594, 0.00578585395965963, 0.0059031616893913995, 0.005572855367543215, 0.005504726260365482, 0.00554636077772073, 0.005114587600481637, 0.005075787648092955, 0.0049331327132444746, 0.005564155948764467, 0.005039129070838557, 0.004645731909190641, 0.004809186003478046, 0.004495127815406452, 0.00439552827118995, 0.004556550860821091, 0.004464841147072296, 0.004059039267334849, 0.004821739540475004, 0.004887337413457956, 0.004551645835732763, 0.0044763939534413055, 0.004299139043445045, 0.004191281135005757, 0.004091355120366875, 0.004035977592711595, 0.004002852753012817, 0.00392252459250232, 0.003955100406397213, 0.003966186673905542, 0.0037190427936791897, 0.003733194901786269, 0.00359957862665203], "ssim": [0.08345704129401674, 0.0520919679327214, 0.03901641280093092, 0.03941132679898688, 0.03460953311717257, 0.0313173623795205, 0.030414453085432662, 0.030943213244701954, 0.028565170663468382, 0.027396019468916222, 0.02687956538606197, 0.02588220035776179, 0.027171130256449922, 0.024839524258958533, 0.021995963822019862, 0.027985812628522833, 0.023655855909306953, 0.023618950108264355, 0.021964165758579336, 0.02099640559642873, 0.02211414321939996, 0.02078998050791152, 0.020171070606150525, 0.017651168716714738, 0.018228252136960943, 0.016472209894910772, 0.0199854036594959, 0.020217626272363867, 0.015795755893626112, 0.016685984109310395, 0.01567039578518969, 0.014719658963223721, 0.013877353642849212, 0.015311531564022632, 0.013156213912558048, 0.013379292919280682, 0.014506277251750865, 0.013711295609778545, 0.014133741754166623, 0.012075442836639728, 0.011264043412310012, 0.011454094597633848, 0.011437247661834068, 0.011833715946116347, 0.011646514877359918, 0.010977522616690778, 0.01248300849123204, 0.010144384110227543, 0.010331168453744117, 0.00940123530144387]}