{"epoch": [1, 2, 3, 4, 5, 6, 7, 8, 9, 10, 11, 12, 13, 14, 15, 16, 17, 18, 19, 20, 21, 22, 23, 24, 25, 26, 27, 28, 29, 30, 31, 32, 33, 34, 35, 36, 37, 38, 39, 40, 41, 42, 43, 44, 45, 46, 47, 48, 49, 50], "loss": [0.03560586677705671, 0.02271411615681458, 0.02145399528139449, 0.020469511419217636, 0.020547011435190415, 0.019894963098650284, 0.018971412600156792, 0.017342050349775782, 0.014290423434663644, 0.014003206409038382, 0.012715337414571896, 0.012387563355584094, 0.01227553752647277, 0.011940942564979195, 0.011782923096077556, 0.023295299037102056, 0.02305081949192793, 0.022526593296293248, 0.022630739638066673, 0.022123404952915426, 0.021663977776436097, 0.021389015504416634, 0.021135979869026454, 0.021205204321031876, 0.02131035824880955, 0.021069107553426256, 0.021096173812575798, 0.021041233185678722, 0.020783080323103893, 0.020815392395362575, 0.020943806924797755, 0.02128102547251322, 0.0209704627520702, 0.020572964401241945, 0.020625803027143504, 0.026980554467027493, 0.02701108975613371, 0.02685917931945717, 0.02707424153514365, 0.026893844897363413, 0.027094167076606064, 0.02715953883140328, 0.02665576751125937, 0.027004246669326055, 0.026668164754246777, 0.026782635534974807, 0.02678578357667999, 0.02685392891512589, 0.02658211234164365, 0.02674483921220328], "lpips": [0.03574893760118396, 0.02703615507665784, 0.024826624456476022, 0.023673471516156768, 0.023311900832947898, 0.022516864884961792, 0.02035397616750065, 0.017520131896983118, 0.011479730651456308, 0.010856537213747172, 0.009614392349179438, 0.009271884456950616, 0.009209827373319483, 0.008692155619389675, 0.008758838913165668, 0.01810557533531113, 0.01781100896781588, 0.017487766817608413, 0.01784381294187079, 0.01749297544419607, 0.017169086140719183, 0.017023365221362798, 0.01676741578675648, 0.01707637195396138, 0.017114854992387143, 0.01699690887347815, 0.017023701240566184, 0.017084768392700463, 0.016954785378332785, 0.016938702424274796, 0.017067863827848688, 0.017479519604487306, 0.01721256772809206, 0.016889777398133216, 0.016945968247315986, 0.0232903896830976, 0.023404301064921185, 0.023355165114031826, 0.02355084037210079, 0.0235196439608773, 0.02377190697304112, 0.02375931096798245, 0.023302637361624138, 0.02383910069995104, 0.023438659032925645, 0.02353202408239087, 0.023427513431995475, 0.023588281558786936, 0.023348575285536813, 0.023455755656307684], "ssim": [0.05800043839089414, 0.037357523720315165, 0.03545563106841229, 0.03382088820985023, 0.03397045617407941, 0.03296618791336709, 0.0316345807085646, 0.029022043309313187, 0.024336393209213904, 0.02392892101977734, 0.021775698915440986, 0.02124091386795044, 0.0210409421870049, 0.020536786571462105, 0.02020136663254271, 0.03965683414580974, 0.0392505185401186, 0.03832852992605656, 0.03843744067435569, 0.037580065524324455, 0.036792001825697876, 0.03628062149311634, 0.0358569417862182, 0.03592857439467247, 0.03612437413093891, 0.03568217335863316, 0.035735430108739974, 0.035604214668273924, 0.03516086124359293, 0.03520058659797019, 0.03541467405380087, 0.03595281078460369, 0.03544940111484934, 0.03477391245517325, 0.03484807724648334, 0.045255510730946316, 0.04527106247049697, 0.0450029804351482, 0.04534734880670588, 0.04504055824685604, 0.045377910517631695, 0.045477565805962746, 0.044623692872676445, 0.04519581097237607, 0.04464192200214305, 0.044837156508831265, 0.04484651621351851, 0.04494108811337897, 0.04449814253665031, 0.04477785559410744]}