{"epoch": [1, 2, 3, 4, 5, 6, 7, 8, 9, 10, 11, 12, 13, 14, 15, 16, 17, 18, 19, 20, 21, 22, 23, 24, 25, 26, 27, 28, 29, 30, 31, 32, 33, 34, 35, 36, 37, 38, 39, 40, 41, 42, 43, 44, 45, 46, 47, 48, 49, 50], "loss": [0.07597355210876211, 0.06995228922311612, 0.06454668852718587, 0.06054407057768487, 0.06249522880472718, 0.05948419559231781, 0.056446310124815775, 0.05069134000569899, 0.04478961960709792, 0.03992808889003193, 0.03219698477893117, 0.031065625400143734, 0.026388582346485334, 0.024735089609439067, 0.02334469989576238, 0.05333636435581014, 0.048174678982096784, 0.04776909821765854, 0.04538377240062394, 0.04305954984924261, 0.043261247790081704, 0.04166166729670256, 0.03969794617807294, 0.03951864804715869, 0.03898087538422105, 0.040028275133288924, 0.03796665542263617, 0.03724660825459881, 0.03685966559705582, 0.036250952221056884, 0.03618704239500964, 0.03573688748788009, 0.035825123477410126, 0.034499216822788434, 0.03487801018983443, 0.0542485075071454, 0.052237955651226194, 0.0523254487108677, 0.05283837010489499, 0.04985038139560121, 0.05103716576432294, 0.05032696472679047, 0.050904369298765, 0.050347668257482506, 0.04965785007448272, 0.04929765794188418, 0.04985132992980962, 0.049595891708072194, 0.051285517572405494, 0.04960942038116937], "lpips": [0.08089181060129974, 0.08139713981010495, 0.07750051615640838, 0.0743383176654498, 0.07803542321904543, 0.07347166307191265, 0.07252590952322203, 0.06880077308123099, 0.058344728416426385, 0.04718083969832576, 0.03396448303866101, 0.03359638144995304, 0.027606615236900906, 0.02567154527889525, 0.022883549195892635, 0.06287232232577306, 0.055845552132009195, 0.052707897673578974, 0.04973548400671558, 0.04622407081398241, 0.04401544905961194, 0.04306115141693265, 0.03947697918901735, 0.039548198962980445, 0.03811026636828133, 0.03940096711541744, 0.0362783545093175, 0.035810686187184554, 0.035674719308364265, 0.03435377756014783, 0.03355314249192622, 0.033962029811153385, 0.03390601777788648, 0.032578009735555094, 0.03301927284238503, 0.062117375708878673, 0.05877160553008001, 0.058200176971706936, 0.05867550144407978, 0.055316949976568525, 0.05643826280026994, 0.05527831509392312, 0.056190547612594795, 0.05475913795067909, 0.05428381739580568, 0.054016546667256256, 0.054783532253288206, 0.05369813048102437, 0.0558539417493058, 0.05390478209691479], "ssim": [0.09163831713351797, 0.08581495449898091, 0.08021881542307266, 0.0757080133925093, 0.07887326390185255, 0.07568167676316931, 0.07360731084296043, 0.06767748974739236, 0.06148202470008363, 0.05634033692643998, 0.046320254625158104, 0.044383775300167974, 0.038134993137197294, 0.036242531588737, 0.034513307885920746, 0.07702997910215499, 0.07057247897411914, 0.07033181811900849, 0.06736104703964071, 0.0645596335542963, 0.06485466754182856, 0.06275029715071333, 0.059972867559879385, 0.059711516157109686, 0.05906813360275106, 0.06068951233904413, 0.0576728622964088, 0.05663175100975848, 0.05590827224102426, 0.05538561470965122, 0.05533799351529872, 0.054418277994115305, 0.05453848610533045, 0.052572855543583, 0.053088081009844516, 0.0803913892583644, 0.07722707758558557, 0.0778715506513068, 0.07831315093852104, 0.07393543720245362, 0.0757152278372582, 0.0746905173393006, 0.07553548229501603, 0.07460588939646456, 0.07404307520135921, 0.07341866366406705, 0.07415045170073814, 0.07372908959997461, 0.07599995757671113, 0.07379712069288213]}